{"name":"Form root","localizedNames":{},"localizedDescriptions":{},"rmType":"FORM_DEFINITION","min":0,"max":0,"formId":"form_root","viewConfig":{"label":{"custom":false,"useLocalizations":false},"size":{"field":"inherit","label":"inherit"},"layout":{"label":{"valign":"inherit","align":"inherit"},"field":{"valign":"inherit","align":"inherit"}},"annotations":{"form.mode":"InfieldTopAlignedLabels"}},"children":[{"name":"Vekstkurve","localizedName":"Vekstkurve","localizedNames":{"en":"Vekstkurve","nb":"Vekstkurve"},"localizedDescriptions":{"nb":"Interaksjon, kontakt eller omsorgshendelse mellom et individ og helsepersonell.","en":"Interaction, contact or care event between a subject of care and healthcare provider(s)."},"rmType":"COMPOSITION","nodeId":"openEHR-EHR-COMPOSITION.encounter.v1","min":1,"max":1,"aqlPath":"/","inputs":[],"formId":"vekstkurve","viewConfig":{"multiplicity":{"min":1,"max":1},"advanced":{"hidden":false,"readonly":false,"hideFrame":false,"render":false},"label":{"custom":false,"useLocalizations":false},"size":{"field":"inherit","label":"inherit"},"layout":{"label":{"valign":"inherit","align":"inherit"},"field":{"valign":"inherit","align":"inherit"}},"annotations":{},"field":{}},"children":[{"name":"Start time","localizedName":"Start time","localizedNames":{"en":"*Start time (en)","nb":"Start time"},"localizedDescriptions":{},"rmType":"DV_DATE_TIME","min":0,"max":1,"aqlPath":"/context/start_time","inputs":[{"type":"DATETIME","listOpen":false}],"formId":"vekstkurve/start_time","viewConfig":{"multiplicity":{"min":0,"max":1},"advanced":{"hidden":false,"readonly":false,"hideFrame":false,"render":false},"label":{"custom":false,"useLocalizations":false},"size":{"field":"inherit","label":"inherit"},"layout":{"label":{"valign":"inherit","align":"inherit"},"field":{"valign":"inherit","align":"inherit"}},"annotations":{"calcId":"when"},"field":{"input":{"hideTime":false,"dateFormat":"","hideDate":false}}}},{"name":"End time","localizedName":"End time","localizedNames":{"en":"*End time (en)","nb":"End time"},"localizedDescriptions":{},"rmType":"DV_DATE_TIME","min":0,"max":1,"aqlPath":"/context/end_time","inputs":[{"type":"DATETIME","listOpen":false}],"formId":"vekstkurve/end_time","viewConfig":{"multiplicity":{"min":0,"max":1},"advanced":{"hidden":true,"readonly":false,"hideFrame":false,"render":false},"label":{"custom":false,"useLocalizations":false},"size":{"field":"inherit","label":"inherit"},"layout":{"label":{"valign":"inherit","align":"inherit"},"field":{"valign":"inherit","align":"inherit"}},"annotations":{"calc":"$when"},"field":{"input":{"hideTime":false,"dateFormat":"","hideDate":false}}}},{"name":"Høyde/Lengde","localizedName":"Høyde/Lengde","localizedNames":{"en":"Height/Length","nb":"Høyde/Lengde"},"localizedDescriptions":{"nb":"Individets høyde eller lengde målt fra isse til fotsåle.","en":"Height, or body length, is measured from crown of head to sole of foot."},"rmType":"OBSERVATION","nodeId":"openEHR-EHR-OBSERVATION.height.v2","min":1,"max":1,"aqlPath":"/content[openEHR-EHR-OBSERVATION.height.v2]","inputs":[],"formId":"vekstkurve/høyde_lengde","viewConfig":{"multiplicity":{"min":1,"max":1},"advanced":{"hidden":false,"readonly":false,"hideFrame":false,"render":false},"label":{"custom":false,"useLocalizations":false},"size":{"field":"inherit","label":"-1"},"layout":{"label":{"valign":"inherit","align":"inherit"},"field":{"valign":"inherit","align":"inherit"}},"annotations":{},"field":{},"tags":["HideLabel"]},"children":[{"name":"Origin","localizedName":"Origin","localizedNames":{"en":"*Origin (en)","nb":"Origin"},"localizedDescriptions":{},"rmType":"DV_DATE_TIME","min":0,"max":1,"aqlPath":"/content[openEHR-EHR-OBSERVATION.height.v2]/data[at0001]/origin","inputs":[{"type":"DATETIME","listOpen":false}],"formId":"vekstkurve/høyde_lengde/history/origin","viewConfig":{"multiplicity":{"min":0,"max":1},"advanced":{"hidden":true,"readonly":false,"hideFrame":false,"render":false},"label":{"custom":false,"useLocalizations":false},"size":{"field":"inherit","label":"inherit"},"layout":{"label":{"valign":"inherit","align":"inherit"},"field":{"valign":"inherit","align":"inherit"}},"annotations":{"calc":"if($height, $when, null)"},"field":{"input":{"hideTime":false,"dateFormat":"","hideDate":false}}}},{"name":"Uspesifisert hendelse","localizedName":"Uspesifisert hendelse","localizedNames":{"en":"Any event","nb":"Uspesifisert hendelse"},"localizedDescriptions":{"nb":"Standard, uspesifisert tidspunkt eller tidsintervall som kan defineres mer eksplisitt i et templat eller i en applikasjon.","en":"Default, unspecified point in time or interval event which may be explicitly defined in a template or at run-time."},"rmType":"EVENT","nodeId":"at0002","min":1,"max":1,"aqlPath":"/content[openEHR-EHR-OBSERVATION.height.v2]/data[at0001]/events[at0002]","inputs":[],"formId":"vekstkurve/høyde_lengde/uspesifisert_hendelse","viewConfig":{"multiplicity":{"min":1,"max":1},"advanced":{"hidden":false,"readonly":false,"hideFrame":false,"render":false},"label":{"custom":false,"useLocalizations":false},"size":{"field":"inherit","label":"-1"},"layout":{"label":{"valign":"inherit","align":"inherit"},"field":{"valign":"inherit","align":"inherit"}},"annotations":{},"tags":["HideLabel"]},"children":[{"name":"Høyde/lengde","localizedName":"Høyde/lengde","localizedNames":{"en":"Height/Length","nb":"Høyde/lengde"},"localizedDescriptions":{"nb":"Høyde/lengde fra isse til fotsåle.","en":"The length of the body from crown of head to sole of foot."},"rmType":"DV_QUANTITY","nodeId":"at0004","min":1,"max":1,"aqlPath":"/content[openEHR-EHR-OBSERVATION.height.v2]/data[at0001]/events[at0002]/data[at0003]/items[at0004]/value","inputs":[{"suffix":"magnitude","type":"DECIMAL","defaultValue":"","listOpen":false},{"suffix":"unit","type":"CODED_TEXT","list":[{"value":"cm","label":"cm","validation":{"range":{"minOp":">=","min":0.0,"maxOp":"<=","max":1000.0}},"ordinal":0,"localizedLabels":{},"localizedDescriptions":{}},{"value":"[in_i]","label":"[in_i]","validation":{"range":{"minOp":">=","min":0.0,"maxOp":"<=","max":250.0}},"ordinal":0,"localizedLabels":{},"localizedDescriptions":{}}],"listOpen":false}],"formId":"vekstkurve/høyde_lengde/uspesifisert_hendelse/høyde_lengde","viewConfig":{"multiplicity":{"min":1,"max":1},"advanced":{"hidden":false,"readonly":false,"hideFrame":false,"render":false},"label":{"custom":false,"useLocalizations":false},"size":{"field":"inherit","label":"inherit"},"layout":{"label":{"valign":"inherit","align":"inherit"},"field":{"valign":"inherit","align":"inherit"}},"annotations":{"calcId":"height"},"field":{}}},{"name":"Time","localizedName":"Time","localizedNames":{"en":"*Time (en)","nb":"Time"},"localizedDescriptions":{},"rmType":"DV_DATE_TIME","min":0,"max":1,"aqlPath":"/content[openEHR-EHR-OBSERVATION.height.v2]/data[at0001]/events[at0002]/time","inputs":[{"type":"DATETIME","listOpen":false}],"formId":"vekstkurve/høyde_lengde/uspesifisert_hendelse/time","viewConfig":{"multiplicity":{"min":0,"max":1},"advanced":{"hidden":true,"readonly":false,"hideFrame":false,"render":false},"label":{"custom":false,"useLocalizations":false},"size":{"field":"inherit","label":"inherit"},"layout":{"label":{"valign":"inherit","align":"inherit"},"field":{"valign":"inherit","align":"inherit"}},"annotations":{"calc":"if($height, $when, null)"},"field":{"input":{"hideTime":false,"dateFormat":"","hideDate":false}}}}]},{"name":"Fødsel","localizedName":"Fødsel","localizedNames":{"en":"Birth","nb":"Fødsel"},"localizedDescriptions":{"nb":"Den første lengden målt etter fødselen. Denne hendelsen skal kun benyttes én gang per journal.","en":"Usually the first length measurement, recorded soon after birth. This event will only be used once per health record\r\n."},"rmType":"POINT_EVENT","nodeId":"at0021","min":0,"max":1,"aqlPath":"/content[openEHR-EHR-OBSERVATION.height.v2]/data[at0001]/events[at0021]","inputs":[],"formId":"vekstkurve/høyde_lengde/fødsel","viewConfig":{"multiplicity":{"min":0,"max":1},"advanced":{"hidden":true,"readonly":false,"hideFrame":false,"render":false},"label":{"custom":false,"useLocalizations":false},"size":{"field":"inherit","label":"inherit"},"layout":{"label":{"valign":"inherit","align":"inherit"},"field":{"valign":"inherit","align":"inherit"}},"annotations":{},"tags":["ForceMinMultiplicity"]},"children":[{"name":"Høyde/lengde","localizedName":"Høyde/lengde","localizedNames":{"en":"Height/Length","nb":"Høyde/lengde"},"localizedDescriptions":{"nb":"Høyde/lengde fra isse til fotsåle.","en":"The length of the body from crown of head to sole of foot."},"rmType":"DV_QUANTITY","nodeId":"at0004","min":1,"max":1,"aqlPath":"/content[openEHR-EHR-OBSERVATION.height.v2]/data[at0001]/events[at0021]/data[at0003]/items[at0004]/value","inputs":[{"suffix":"magnitude","type":"DECIMAL","defaultValue":"","listOpen":false},{"suffix":"unit","type":"CODED_TEXT","list":[{"value":"cm","label":"cm","validation":{"range":{"minOp":">=","min":0.0,"maxOp":"<=","max":1000.0}},"ordinal":0,"localizedLabels":{},"localizedDescriptions":{}},{"value":"[in_i]","label":"[in_i]","validation":{"range":{"minOp":">=","min":0.0,"maxOp":"<=","max":250.0}},"ordinal":0,"localizedLabels":{},"localizedDescriptions":{}}],"listOpen":false}],"formId":"vekstkurve/høyde_lengde/fødsel/høyde_lengde","viewConfig":{"multiplicity":{"min":1,"max":1},"advanced":{"hidden":false,"readonly":false,"hideFrame":false,"render":false},"label":{"custom":false,"useLocalizations":false},"size":{"field":"inherit","label":"inherit"},"layout":{"label":{"valign":"inherit","align":"inherit"},"field":{"valign":"inherit","align":"inherit"}},"annotations":{},"field":{}}},{"name":"Time","localizedName":"Time","localizedNames":{"en":"*Time (en)","nb":"Time"},"localizedDescriptions":{},"rmType":"DV_DATE_TIME","min":0,"max":1,"aqlPath":"/content[openEHR-EHR-OBSERVATION.height.v2]/data[at0001]/events[at0021]/time","inputs":[{"type":"DATETIME","listOpen":false}],"formId":"vekstkurve/høyde_lengde/fødsel/time","viewConfig":{"multiplicity":{"min":0,"max":1},"advanced":{"hidden":false,"readonly":false,"hideFrame":false,"render":false},"label":{"custom":false,"useLocalizations":false},"size":{"field":"inherit","label":"inherit"},"layout":{"label":{"valign":"inherit","align":"inherit"},"field":{"valign":"inherit","align":"inherit"}},"annotations":{},"field":{"input":{"hideTime":false,"dateFormat":"","hideDate":false}}}}]}]},{"name":"Kroppsvekt","localizedName":"Kroppsvekt","localizedNames":{"en":"Body weight","nb":"Kroppsvekt"},"localizedDescriptions":{"nb":"Individets kroppsvekt.","en":"Measurement of the body weight of an individual."},"rmType":"OBSERVATION","nodeId":"openEHR-EHR-OBSERVATION.body_weight.v2","min":1,"max":1,"aqlPath":"/content[openEHR-EHR-OBSERVATION.body_weight.v2]","inputs":[],"formId":"vekstkurve/kroppsvekt","viewConfig":{"multiplicity":{"min":1,"max":1},"advanced":{"hidden":false,"readonly":false,"hideFrame":false,"render":false},"label":{"custom":false,"useLocalizations":false},"size":{"field":"inherit","label":"-1"},"layout":{"label":{"valign":"inherit","align":"inherit"},"field":{"valign":"inherit","align":"inherit"}},"annotations":{},"field":{},"tags":["HideLabel"]},"children":[{"name":"Origin","localizedName":"Origin","localizedNames":{"en":"*Origin (en)","nb":"Origin"},"localizedDescriptions":{},"rmType":"DV_DATE_TIME","min":0,"max":1,"aqlPath":"/content[openEHR-EHR-OBSERVATION.body_weight.v2]/data[at0002]/origin","inputs":[{"type":"DATETIME","listOpen":false}],"formId":"vekstkurve/kroppsvekt/history/origin","viewConfig":{"multiplicity":{"min":0,"max":1},"advanced":{"hidden":true,"readonly":false,"hideFrame":false,"render":false},"label":{"custom":false,"useLocalizations":false},"size":{"field":"inherit","label":"inherit"},"layout":{"label":{"valign":"inherit","align":"inherit"},"field":{"valign":"inherit","align":"inherit"}},"annotations":{"calc":"if($weight, $when, null)"},"field":{"input":{"hideTime":false,"dateFormat":"","hideDate":false}}}},{"name":"Uspesifisert hendelse","localizedName":"Uspesifisert hendelse","localizedNames":{"en":"Any event","nb":"Uspesifisert hendelse"},"localizedDescriptions":{"nb":"Standard, uspesifisert tidspunkt eller tidsintervall som kan defineres mer eksplisitt i et templat eller i en applikasjon.","en":"Default, unspecified point in time or interval event which may be explicitly defined in a template or at run-time."},"rmType":"EVENT","nodeId":"at0003","min":1,"max":1,"aqlPath":"/content[openEHR-EHR-OBSERVATION.body_weight.v2]/data[at0002]/events[at0003]","inputs":[],"formId":"vekstkurve/kroppsvekt/uspesifisert_hendelse","viewConfig":{"multiplicity":{"min":1,"max":1},"advanced":{"hidden":false,"readonly":false,"hideFrame":false,"render":false},"label":{"custom":false,"useLocalizations":false},"size":{"field":"inherit","label":"-1"},"layout":{"label":{"valign":"inherit","align":"inherit"},"field":{"valign":"inherit","align":"inherit"}},"annotations":{},"tags":["HideLabel"]},"children":[{"name":"Kroppsvekt","localizedName":"Kroppsvekt","localizedNames":{"en":"Weight","nb":"Kroppsvekt"},"localizedDescriptions":{"nb":"Et individs totale kroppsmasse.","en":"The weight of the individual."},"rmType":"DV_QUANTITY","nodeId":"at0004","min":1,"max":1,"aqlPath":"/content[openEHR-EHR-OBSERVATION.body_weight.v2]/data[at0002]/events[at0003]/data[at0001]/items[at0004]/value","inputs":[{"suffix":"magnitude","type":"DECIMAL","defaultValue":"","listOpen":false},{"suffix":"unit","type":"CODED_TEXT","list":[{"value":"kg","label":"kg","validation":{"range":{"minOp":">=","min":0.0,"maxOp":"<=","max":1000.0}},"ordinal":0,"localizedLabels":{},"localizedDescriptions":{}},{"value":"[lb_av]","label":"[lb_av]","validation":{"range":{"minOp":">=","min":0.0,"maxOp":"<=","max":2000.0}},"ordinal":0,"localizedLabels":{},"localizedDescriptions":{}},{"value":"g","label":"g","validation":{"range":{"minOp":">=","min":0.0,"maxOp":"<=","max":1000000.0}},"ordinal":0,"localizedLabels":{},"localizedDescriptions":{}}],"listOpen":false}],"formId":"vekstkurve/kroppsvekt/uspesifisert_hendelse/kroppsvekt","viewConfig":{"multiplicity":{"min":1,"max":1},"advanced":{"hidden":false,"readonly":false,"hideFrame":false,"render":false},"label":{"custom":false,"useLocalizations":false},"size":{"field":"inherit","label":"inherit"},"layout":{"label":{"valign":"inherit","align":"inherit"},"field":{"valign":"inherit","align":"inherit"}},"annotations":{"calcId":"weight"},"field":{}}},{"name":"Time","localizedName":"Time","localizedNames":{"en":"*Time (en)","nb":"Time"},"localizedDescriptions":{},"rmType":"DV_DATE_TIME","min":0,"max":1,"aqlPath":"/content[openEHR-EHR-OBSERVATION.body_weight.v2]/data[at0002]/events[at0003]/time","inputs":[{"type":"DATETIME","listOpen":false}],"formId":"vekstkurve/kroppsvekt/uspesifisert_hendelse/time","viewConfig":{"multiplicity":{"min":0,"max":1},"advanced":{"hidden":true,"readonly":false,"hideFrame":false,"render":false},"label":{"custom":false,"useLocalizations":false},"size":{"field":"inherit","label":"inherit"},"layout":{"label":{"valign":"inherit","align":"inherit"},"field":{"valign":"inherit","align":"inherit"}},"annotations":{"calc":"if($weight, $when, null)"},"field":{"input":{"hideTime":false,"dateFormat":"","hideDate":false}}}}]},{"name":"Fødsel","localizedName":"Fødsel","localizedNames":{"en":"Birth","nb":"Fødsel"},"localizedDescriptions":{"nb":"Den første vekten målt etter fødselen. Denne hendelsen skal kun benyttes én gang per journal.","en":"Usually the first weight, measured soon after birth. This event will only be used once per health record\r\n."},"rmType":"POINT_EVENT","nodeId":"at0026","min":0,"max":1,"aqlPath":"/content[openEHR-EHR-OBSERVATION.body_weight.v2]/data[at0002]/events[at0026]","inputs":[],"formId":"vekstkurve/kroppsvekt/fødsel","viewConfig":{"multiplicity":{"min":0,"max":1},"advanced":{"hidden":true,"readonly":false,"hideFrame":false,"render":false},"label":{"custom":false,"useLocalizations":false},"size":{"field":"inherit","label":"inherit"},"layout":{"label":{"valign":"inherit","align":"inherit"},"field":{"valign":"inherit","align":"inherit"}},"annotations":{},"tags":["ForceMinMultiplicity"]},"children":[{"name":"Kroppsvekt","localizedName":"Kroppsvekt","localizedNames":{"en":"Weight","nb":"Kroppsvekt"},"localizedDescriptions":{"nb":"Et individs totale kroppsmasse.","en":"The weight of the individual."},"rmType":"DV_QUANTITY","nodeId":"at0004","min":1,"max":1,"aqlPath":"/content[openEHR-EHR-OBSERVATION.body_weight.v2]/data[at0002]/events[at0026]/data[at0001]/items[at0004]/value","inputs":[{"suffix":"magnitude","type":"DECIMAL","defaultValue":"","listOpen":false},{"suffix":"unit","type":"CODED_TEXT","list":[{"value":"kg","label":"kg","validation":{"range":{"minOp":">=","min":0.0,"maxOp":"<=","max":1000.0}},"ordinal":0,"localizedLabels":{},"localizedDescriptions":{}},{"value":"[lb_av]","label":"[lb_av]","validation":{"range":{"minOp":">=","min":0.0,"maxOp":"<=","max":2000.0}},"ordinal":0,"localizedLabels":{},"localizedDescriptions":{}},{"value":"g","label":"g","validation":{"range":{"minOp":">=","min":0.0,"maxOp":"<=","max":1000000.0}},"ordinal":0,"localizedLabels":{},"localizedDescriptions":{}}],"listOpen":false}],"formId":"vekstkurve/kroppsvekt/fødsel/kroppsvekt","viewConfig":{"multiplicity":{"min":1,"max":1},"advanced":{"hidden":false,"readonly":false,"hideFrame":false,"render":false},"label":{"custom":false,"useLocalizations":false},"size":{"field":"inherit","label":"inherit"},"layout":{"label":{"valign":"inherit","align":"inherit"},"field":{"valign":"inherit","align":"inherit"}},"annotations":{},"field":{}}},{"name":"Time","localizedName":"Time","localizedNames":{"en":"*Time (en)","nb":"Time"},"localizedDescriptions":{},"rmType":"DV_DATE_TIME","min":0,"max":1,"aqlPath":"/content[openEHR-EHR-OBSERVATION.body_weight.v2]/data[at0002]/events[at0026]/time","inputs":[{"type":"DATETIME","listOpen":false}],"formId":"vekstkurve/kroppsvekt/fødsel/time","viewConfig":{"multiplicity":{"min":0,"max":1},"advanced":{"hidden":false,"readonly":false,"hideFrame":false,"render":false},"label":{"custom":false,"useLocalizations":false},"size":{"field":"inherit","label":"inherit"},"layout":{"label":{"valign":"inherit","align":"inherit"},"field":{"valign":"inherit","align":"inherit"}},"annotations":{},"field":{"input":{"hideTime":false,"dateFormat":"","hideDate":false}}}}]}]}]}]}