[{"col":1,"row":1,"width":12,"height":58,"children":[{"id":"vekstkurve","rows":[{"cols":[{"width":"100%","children":[{"id":"vekstkurve/start_time","rows":[]},{"id":"vekstkurve/end_time","rows":[]},{"id":"vekstkurve/høyde_lengde","rows":[{"cols":[{"width":"100%","children":[{"id":"vekstkurve/høyde_lengde/history/origin","rows":[]},{"id":"vekstkurve/høyde_lengde/uspesifisert_hendelse","rows":[{"cols":[{"width":"100%","children":[{"id":"vekstkurve/høyde_lengde/uspesifisert_hendelse/høyde_lengde","rows":[]},{"id":"vekstkurve/høyde_lengde/uspesifisert_hendelse/time","rows":[]}]}]}]},{"id":"vekstkurve/høyde_lengde/fødsel","rows":[{"cols":[{"width":"100%","children":[{"id":"vekstkurve/høyde_lengde/fødsel/høyde_lengde","rows":[]},{"id":"vekstkurve/høyde_lengde/fødsel/time","rows":[]}]}]}]}]}]}]},{"id":"vekstkurve/kroppsvekt","rows":[{"cols":[{"width":"100%","children":[{"id":"vekstkurve/kroppsvekt/history/origin","rows":[]},{"id":"vekstkurve/kroppsvekt/uspesifisert_hendelse","rows":[{"cols":[{"width":"100%","children":[{"id":"vekstkurve/kroppsvekt/uspesifisert_hendelse/kroppsvekt","rows":[]},{"id":"vekstkurve/kroppsvekt/uspesifisert_hendelse/time","rows":[]}]}]}]},{"id":"vekstkurve/kroppsvekt/fødsel","rows":[{"cols":[{"width":"100%","children":[{"id":"vekstkurve/kroppsvekt/fødsel/kroppsvekt","rows":[]},{"id":"vekstkurve/kroppsvekt/fødsel/time","rows":[]}]}]}]}]}]}]}]}]}]}]}]